,accuracy,loss,val_accuracy,val_loss
0,0.5071231722831726,0.6919682025909424,0.4995993673801422,0.6884769797325134
1,0.5590678453445435,0.6760622262954712,0.6065705418586731,0.6465533971786499
2,0.5859375,0.6455470323562622,0.5949519276618958,0.6608415842056274
3,0.6037148237228394,0.654447615146637,0.6254006624221802,0.6342973709106445
4,0.609489917755127,0.6420572400093079,0.6526442170143127,0.6194611191749573
